{
    "variables": {
        "region": "eu-central-1",
        "instance_type": "t2.micro",
        "ssh_key": "/Users/stephanenangue/.ssh/id_rsa"
    },
    "builders": [
        {
            "type": "amazon-ebs",
            "profile": "{{user `aws_profile`}}",
            "region": "{{user `region`}}",
            "instance_type": "{{user `instance_type`}}",
            "ssh_username": "ec2-user",
            "ami_name": "jenkins-master-2.303.2-{{timestamp}}",
            "ami_description": "Amazon Linux Image with Jenkins Server",
            "source_ami_filter": {
                "filters": {
                    "virtualization-type": "hvm",
                    "name": "amzn2-ami-hvm-*-x86_64-ebs",
                    "root-device-type": "ebs"
                },
                "owners": [
                    "amazon"
                ],
                "most_recent": true
            }
        }
    ],
    "provisioners": [
        {
            "type": "file",
            "source": "../scripts",
            "destination": "/tmp/"
        },
        {
            "type": "file",
            "source": "{{user `ssh_key`}}",
            "destination": "/tmp/id_rsa"
        },
        {
            "type": "shell",
            "script": "./setup.sh",
            "execute_command": "sudo -E -S sh '{{ .Path }}'"
        }
    ]
}